sr,name,docstatus,item_code,item_name,warehouse,creation,modified,_user_tags
1,48575443D10092B0,0,140111365,ONT GPON  WIFI 6 2X2  STD.C/ACC.SERIAL,51ROD637 (Pat. AC774WF) - QPS,2025-06-17 16:09:52.312049,2025-06-25 09:02:35.048131,
2,48575443D0FF61B0,0,140111365,ONT GPON  WIFI 6 2X2  STD.C/ACC.SERIAL,51ROD637 (Pat. AC774WF) - QPS,2025-06-17 16:09:52.386218,2025-06-25 09:02:35.020228,
3,48575443D10191B0,0,140111365,ONT GPON  WIFI 6 2X2  STD.C/ACC.SERIAL,51ROD637 (Pat. AC774WF) - QPS,2025-06-17 16:09:52.219095,2025-06-25 09:02:34.992798,
4,48575443D0FCF2B0,0,140111365,ONT GPON  WIFI 6 2X2  STD.C/ACC.SERIAL,51ROD637 (Pat. AC774WF) - QPS,2025-06-17 16:09:52.699017,2025-06-25 09:02:34.965453,
5,48575443D0FFFAB0,0,140111365,ONT GPON  WIFI 6 2X2  STD.C/ACC.SERIAL,51ROD637 (Pat. AC774WF) - QPS,2025-06-17 16:09:52.663995,2025-06-25 09:02:34.937786,
6,48575443D0FAA5B0,0,140111365,ONT GPON  WIFI 6 2X2  STD.C/ACC.SERIAL,51ROD637 (Pat. AC774WF) - QPS,2025-06-17 16:09:52.496222,2025-06-25 09:02:34.910545,
7,48575443D0FB7AB0,0,140111365,ONT GPON  WIFI 6 2X2  STD.C/ACC.SERIAL,51ROD637 (Pat. AC774WF) - QPS,2025-06-17 16:09:52.573564,2025-06-25 09:02:34.883754,
8,48575443D10109B0,0,140111365,ONT GPON  WIFI 6 2X2  STD.C/ACC.SERIAL,51ROD637 (Pat. AC774WF) - QPS,2025-06-17 16:09:52.730582,2025-06-25 09:02:34.857168,
9,48575443D0FF98B0,0,140111365,ONT GPON  WIFI 6 2X2  STD.C/ACC.SERIAL,51ROD637 (Pat. AC774WF) - QPS,2025-06-17 16:09:52.347336,2025-06-25 09:02:34.828635,
10,48575443D0FD12B0,0,140111365,ONT GPON  WIFI 6 2X2  STD.C/ACC.SERIAL,51ROD637 (Pat. AC774WF) - QPS,2025-06-17 16:09:52.616506,2025-06-25 09:02:34.800386,
11,FZ324060050178,0,110110006,DECO IP ANDROID 4K HP44H SERIAL,,2025-06-09 14:28:59.899559,2025-06-23 15:57:49.999137,
12,FZ324060049139,0,110110006,DECO IP ANDROID 4K HP44H SERIAL,,2025-06-09 14:28:59.853256,2025-06-23 15:57:49.983539,
13,FZ324060048804,0,110110006,DECO IP ANDROID 4K HP44H SERIAL,,2025-06-09 14:28:59.876472,2025-06-23 15:57:49.968328,
14,FZ324060048532,0,110110006,DECO IP ANDROID 4K HP44H SERIAL,,2025-06-09 14:28:59.829399,2025-06-23 15:57:49.953571,
15,48575443D10039B0,0,140111365,ONT GPON  WIFI 6 2X2  STD.C/ACC.SERIAL,,2025-06-17 16:09:53.305570,2025-06-23 15:57:49.915614,
16,48575443D0FDB9B0,0,140111365,ONT GPON  WIFI 6 2X2  STD.C/ACC.SERIAL,,2025-06-17 16:09:53.516714,2025-06-23 15:57:49.901111,
17,48575443D0FD22B0,0,140111365,ONT GPON  WIFI 6 2X2  STD.C/ACC.SERIAL,,2025-06-17 16:09:53.154901,2025-06-23 15:57:49.886416,
18,48575443D0FC35B0,0,140111365,ONT GPON  WIFI 6 2X2  STD.C/ACC.SERIAL,,2025-06-17 16:09:53.250817,2025-06-23 15:57:49.871643,
19,48575443D0FA90B0,0,140111365,ONT GPON  WIFI 6 2X2  STD.C/ACC.SERIAL,,2025-06-17 16:09:52.967851,2025-06-23 15:57:49.855718,
20,485754439C1DD6AC,0,140110075,ONT GPON WIFI-N SAGEMCOM F@ST5657 SERIAL,,2025-06-09 14:28:59.694271,2025-06-23 15:57:49.802986,
21,485754431AA123AD,0,140110075,ONT GPON WIFI-N SAGEMCOM F@ST5657 SERIAL,,2025-06-09 14:28:59.599960,2025-06-23 15:57:49.787290,
22,485754431585AFAB,0,140110075,ONT GPON WIFI-N SAGEMCOM F@ST5657 SERIAL,,2025-06-09 14:28:59.717453,2025-06-23 15:57:49.766467,
23,FZ324060106914,0,110110006,DECO IP ANDROID 4K HP44H SERIAL,,2025-06-09 14:29:00.287320,2025-06-23 14:58:08.161336,
24,ALCLB260B80D,0,140110075,ONT GPON WIFI-N SAGEMCOM F@ST5657 SERIAL,,2025-06-09 14:28:59.438658,2025-06-23 14:58:08.117482,
25,48575443BC5B91AC,0,140110075,ONT GPON WIFI-N SAGEMCOM F@ST5657 SERIAL,,2025-06-09 14:28:59.086258,2025-06-23 14:58:08.103081,
26,4857544397ABEDAA,0,140110075,ONT GPON WIFI-N SAGEMCOM F@ST5657 SERIAL,,2025-06-09 14:28:59.202615,2025-06-23 14:58:08.088480,
27,4857544366FF67AA,0,140110075,ONT GPON WIFI-N SAGEMCOM F@ST5657 SERIAL,,2025-06-09 14:28:59.179078,2025-06-23 14:58:08.074203,
28,4857544329A7C9AA,0,140110075,ONT GPON WIFI-N SAGEMCOM F@ST5657 SERIAL,,2025-06-09 14:28:59.041703,2025-06-23 14:58:08.060072,
29,485754430D5CE3AD,0,140110075,ONT GPON WIFI-N SAGEMCOM F@ST5657 SERIAL,,2025-06-09 14:28:59.131526,2025-06-23 14:58:08.039357,
30,FZ324060106845,0,110110006,DECO IP ANDROID 4K HP44H SERIAL,,2025-06-23 14:42:49.969299,2025-06-23 14:45:39.025742,
31,FZ324060106835,0,110110006,DECO IP ANDROID 4K HP44H SERIAL,,2025-06-23 14:42:49.948030,2025-06-23 14:45:39.011477,
32,FZ324060105953,0,110110006,DECO IP ANDROID 4K HP44H SERIAL,,2025-06-23 14:42:49.924954,2025-06-23 14:45:38.997865,
33,FZ324060049285,0,110110006,DECO IP ANDROID 4K HP44H SERIAL,,2025-06-09 14:29:00.145039,2025-06-23 14:45:38.984157,
34,FZ324060022339,0,110110006,DECO IP ANDROID 4K HP44H SERIAL,,2025-06-23 14:42:49.901953,2025-06-23 14:45:38.970394,
35,FZ324060021284,0,110110006,DECO IP ANDROID 4K HP44H SERIAL,,2025-06-09 14:29:00.705375,2025-06-23 14:45:38.956444,
36,FZ324060021279,0,110110006,DECO IP ANDROID 4K HP44H SERIAL,,2025-06-09 14:29:00.752320,2025-06-23 14:45:38.942269,
37,FZ324060021235,0,110110006,DECO IP ANDROID 4K HP44H SERIAL,,2025-06-09 14:29:00.729182,2025-06-23 14:45:38.928072,
38,FZ324060021234,0,110110006,DECO IP ANDROID 4K HP44H SERIAL,,2025-06-09 14:29:00.775909,2025-06-23 14:45:38.912892,
39,48575443D100AAB0,0,140111365,ONT GPON  WIFI 6 2X2  STD.C/ACC.SERIAL,,2025-06-17 16:09:53.653740,2025-06-23 14:45:38.868345,
40,48575443D0FE24B0,0,140111365,ONT GPON  WIFI 6 2X2  STD.C/ACC.SERIAL,,2025-06-17 16:09:53.472511,2025-06-23 14:45:38.854397,
41,48575443D0FDC8B0,0,140111365,ONT GPON  WIFI 6 2X2  STD.C/ACC.SERIAL,,2025-06-17 16:09:53.351970,2025-06-23 14:45:38.839995,
42,48575443D0FD61B0,0,140111365,ONT GPON  WIFI 6 2X2  STD.C/ACC.SERIAL,,2025-06-17 16:09:51.145343,2025-06-23 14:45:38.823815,
43,48575443D0FD3DB0,0,140111365,ONT GPON  WIFI 6 2X2  STD.C/ACC.SERIAL,,2025-06-17 16:09:53.591124,2025-06-23 14:45:38.808555,
44,48575443D0FBDAB0,0,140111365,ONT GPON  WIFI 6 2X2  STD.C/ACC.SERIAL,,2025-06-17 16:09:53.553318,2025-06-23 14:45:38.793861,
45,48575443D0F9BEB0,0,140111365,ONT GPON  WIFI 6 2X2  STD.C/ACC.SERIAL,,2025-06-17 16:09:51.891878,2025-06-23 14:45:38.777718,
46,ALCLB260FF01,0,140110075,ONT GPON WIFI-N SAGEMCOM F@ST5657 SERIAL,,2025-06-23 14:42:49.857081,2025-06-23 14:45:38.732291,
47,48575443D83D6BAC,0,140110075,ONT GPON WIFI-N SAGEMCOM F@ST5657 SERIAL,,2025-06-09 14:28:59.018294,2025-06-23 14:45:38.717297,
48,48575443C22CE1AC,0,140110075,ONT GPON WIFI-N SAGEMCOM F@ST5657 SERIAL,,2025-06-09 14:28:58.853477,2025-06-23 14:45:38.701789,
49,4857544377D0DBAA,0,140110075,ONT GPON WIFI-N SAGEMCOM F@ST5657 SERIAL,,2025-06-09 14:28:58.949009,2025-06-23 14:45:38.685384,
50,48575443592A9FAC,0,140110075,ONT GPON WIFI-N SAGEMCOM F@ST5657 SERIAL,,2025-06-09 14:28:58.720869,2025-06-23 14:45:38.664818,
51,FZ324060106987,0,110110006,DECO IP ANDROID 4K HP44H SERIAL,,2025-06-23 13:43:33.224337,2025-06-23 13:46:34.990605,
52,FZ324060106972,0,110110006,DECO IP ANDROID 4K HP44H SERIAL,,2025-06-23 13:43:33.194817,2025-06-23 13:46:34.972468,
53,FZ324060106951,0,110110006,DECO IP ANDROID 4K HP44H SERIAL,,2025-06-23 13:43:33.167292,2025-06-23 13:46:34.953471,
54,FZ324060106940,0,110110006,DECO IP ANDROID 4K HP44H SERIAL,,2025-06-23 13:43:33.139628,2025-06-23 13:46:34.935187,
55,FZ324060106922,0,110110006,DECO IP ANDROID 4K HP44H SERIAL,,2025-06-23 13:43:33.113720,2025-06-23 13:46:34.917198,
56,FZ324060106916,0,110110006,DECO IP ANDROID 4K HP44H SERIAL,,2025-06-23 13:43:33.087910,2025-06-23 13:46:34.899559,
57,FZ324060106901,0,110110006,DECO IP ANDROID 4K HP44H SERIAL,,2025-06-23 13:43:33.057175,2025-06-23 13:46:34.881577,
58,FZ324060106872,0,110110006,DECO IP ANDROID 4K HP44H SERIAL,,2025-06-23 13:43:33.031758,2025-06-23 13:46:34.861782,
59,FZ324060106033,0,110110006,DECO IP ANDROID 4K HP44H SERIAL,,2025-06-23 13:43:33.006197,2025-06-23 13:46:34.842770,
60,FZ324060106010,0,110110006,DECO IP ANDROID 4K HP44H SERIAL,,2025-06-23 13:43:32.979137,2025-06-23 13:46:34.823798,
61,FZ324060106006,0,110110006,DECO IP ANDROID 4K HP44H SERIAL,,2025-06-23 13:43:32.950332,2025-06-23 13:46:34.802968,
62,FZ324060105994,0,110110006,DECO IP ANDROID 4K HP44H SERIAL,,2025-06-23 13:43:32.923929,2025-06-23 13:46:34.783938,
63,FZ324060105950,0,110110006,DECO IP ANDROID 4K HP44H SERIAL,,2025-06-23 13:43:32.891514,2025-06-23 13:46:34.764273,
64,FZ324060105944,0,110110006,DECO IP ANDROID 4K HP44H SERIAL,,2025-06-23 13:43:32.864941,2025-06-23 13:46:34.745856,
65,FZ324060105886,0,110110006,DECO IP ANDROID 4K HP44H SERIAL,,2025-06-23 13:43:32.838478,2025-06-23 13:46:34.729055,
66,FZ324060105606,0,110110006,DECO IP ANDROID 4K HP44H SERIAL,,2025-06-23 13:43:32.808998,2025-06-23 13:46:34.709680,
67,FZ324060105471,0,110110006,DECO IP ANDROID 4K HP44H SERIAL,,2025-06-23 13:43:32.783441,2025-06-23 13:46:34.689500,
68,FZ324060003729,0,110110006,DECO IP ANDROID 4K HP44H SERIAL,,2025-06-23 13:43:32.755499,2025-06-23 13:46:34.665131,
69,ALCLB43ACDC2,0,140110075,ONT GPON WIFI-N SAGEMCOM F@ST5657 SERIAL,,2025-06-23 13:43:32.635618,2025-06-23 13:46:34.586730,
70,534D4253005D88A5,0,140110075,ONT GPON WIFI-N SAGEMCOM F@ST5657 SERIAL,,2025-06-23 13:43:31.676368,2025-06-23 13:46:34.566955,
71,534D425300465DC0,0,140110075,ONT GPON WIFI-N SAGEMCOM F@ST5657 SERIAL,,2025-06-23 13:43:32.443438,2025-06-23 13:46:34.549894,
72,534D4253002BA015,0,140110075,ONT GPON WIFI-N SAGEMCOM F@ST5657 SERIAL,,2025-06-23 13:43:31.712144,2025-06-23 13:46:34.533452,
73,524D425300262BE5,0,140110075,ONT GPON WIFI-N SAGEMCOM F@ST5657 SERIAL,,2025-06-23 13:43:31.740798,2025-06-23 13:46:34.514935,
74,48575443FA2766AE,0,140110075,ONT GPON WIFI-N SAGEMCOM F@ST5657 SERIAL,,2025-06-23 13:43:32.328076,2025-06-23 13:46:34.496340,
75,48575443F5FA6FAE,0,140110075,ONT GPON WIFI-N SAGEMCOM F@ST5657 SERIAL,,2025-06-23 13:43:32.154416,2025-06-23 13:46:34.480304,
76,48575443F5F451AE,0,140110075,ONT GPON WIFI-N SAGEMCOM F@ST5657 SERIAL,,2025-06-23 13:43:32.129200,2025-06-23 13:46:34.463036,
77,48575443EE12ACAE,0,140110075,ONT GPON WIFI-N SAGEMCOM F@ST5657 SERIAL,,2025-06-23 13:43:32.470137,2025-06-23 13:46:34.446364,
78,48575443EBA8D1AF,0,140110075,ONT GPON WIFI-N SAGEMCOM F@ST5657 SERIAL,,2025-06-23 13:43:32.409162,2025-06-23 13:46:34.430392,
79,48575443EBA77CAF,0,140110075,ONT GPON WIFI-N SAGEMCOM F@ST5657 SERIAL,,2025-06-23 13:43:31.826242,2025-06-23 13:46:34.412713,
80,48575443EBA769AF,0,140110075,ONT GPON WIFI-N SAGEMCOM F@ST5657 SERIAL,,2025-06-23 13:43:31.797542,2025-06-23 13:46:34.395286,
81,48575443EBA766AF,0,140110075,ONT GPON WIFI-N SAGEMCOM F@ST5657 SERIAL,,2025-06-23 13:43:31.885663,2025-06-23 13:46:34.379948,
82,48575443EBA759AF,0,140110075,ONT GPON WIFI-N SAGEMCOM F@ST5657 SERIAL,,2025-06-23 13:43:31.965325,2025-06-23 13:46:34.363205,
83,48575443EBA757AF,0,140110075,ONT GPON WIFI-N SAGEMCOM F@ST5657 SERIAL,,2025-06-23 13:43:31.911423,2025-06-23 13:46:34.345961,
84,48575443EBA726AF,0,140110075,ONT GPON WIFI-N SAGEMCOM F@ST5657 SERIAL,,2025-06-23 13:43:31.852324,2025-06-23 13:46:34.330441,
85,48575443EBA723AF,0,140110075,ONT GPON WIFI-N SAGEMCOM F@ST5657 SERIAL,,2025-06-23 13:43:32.019229,2025-06-23 13:46:34.313620,
86,48575443EBA718AF,0,140110075,ONT GPON WIFI-N SAGEMCOM F@ST5657 SERIAL,,2025-06-23 13:43:31.771098,2025-06-23 13:46:34.297035,
87,48575443EBA716AF,0,140110075,ONT GPON WIFI-N SAGEMCOM F@ST5657 SERIAL,,2025-06-23 13:43:32.076117,2025-06-23 13:46:34.281472,
88,48575443EBA713AF,0,140110075,ONT GPON WIFI-N SAGEMCOM F@ST5657 SERIAL,,2025-06-23 13:43:31.992504,2025-06-23 13:46:34.261683,
89,48575443EBA699AF,0,140110075,ONT GPON WIFI-N SAGEMCOM F@ST5657 SERIAL,,2025-06-23 13:43:31.939091,2025-06-23 13:46:34.244894,
90,48575443EBA620AF,0,140110075,ONT GPON WIFI-N SAGEMCOM F@ST5657 SERIAL,,2025-06-23 13:43:32.047151,2025-06-23 13:46:34.229653,
91,48575443DF6895B0,0,140110075,ONT GPON WIFI-N SAGEMCOM F@ST5657 SERIAL,,2025-06-23 13:43:32.266323,2025-06-23 13:46:34.212683,
92,48575443D1B173AF,0,140110075,ONT GPON WIFI-N SAGEMCOM F@ST5657 SERIAL,,2025-06-23 13:43:32.496577,2025-06-23 13:46:34.195622,
93,48575443CFD6E0AF,0,140110075,ONT GPON WIFI-N SAGEMCOM F@ST5657 SERIAL,,2025-06-23 13:43:32.554178,2025-06-23 13:46:34.180128,
94,48575443C551EBAA,0,140110075,ONT GPON WIFI-N SAGEMCOM F@ST5657 SERIAL,,2025-06-09 14:28:59.647870,2025-06-23 13:46:34.160470,
95,48575443C4ABCBAA,0,140110075,ONT GPON WIFI-N SAGEMCOM F@ST5657 SERIAL,,2025-06-09 14:28:59.530452,2025-06-23 13:46:34.142225,
96,48575443C14448AF,0,140110075,ONT GPON WIFI-N SAGEMCOM F@ST5657 SERIAL,,2025-06-23 13:43:32.297747,2025-06-23 13:46:34.127017,
97,48575443C13F9BAF,0,140110075,ONT GPON WIFI-N SAGEMCOM F@ST5657 SERIAL,,2025-06-23 13:43:32.526701,2025-06-23 13:46:34.109852,
98,48575443BD91E1AF,0,140110075,ONT GPON WIFI-N SAGEMCOM F@ST5657 SERIAL,,2025-06-23 13:43:32.211425,2025-06-23 13:46:34.092529,
99,48575443B13E69B0,0,140110075,ONT GPON WIFI-N SAGEMCOM F@ST5657 SERIAL,,2025-06-23 13:43:32.582384,2025-06-23 13:46:34.077380,
100,48575443A71888AE,0,140110075,ONT GPON WIFI-N SAGEMCOM F@ST5657 SERIAL,,2025-06-23 13:43:32.355495,2025-06-23 13:46:34.059839,
101,48575443A71355AE,0,140110075,ONT GPON WIFI-N SAGEMCOM F@ST5657 SERIAL,,2025-06-23 13:43:32.184229,2025-06-23 13:46:34.042249,
102,485754439846BFB0,0,140110075,ONT GPON WIFI-N SAGEMCOM F@ST5657 SERIAL,,2025-06-23 13:43:32.103083,2025-06-23 13:46:34.027179,
103,4857544395D0DBB0,0,140110075,ONT GPON WIFI-N SAGEMCOM F@ST5657 SERIAL,,2025-06-23 13:43:32.609431,2025-06-23 13:46:34.008192,
104,48575443670023AA,0,140110075,ONT GPON WIFI-N SAGEMCOM F@ST5657 SERIAL,,2025-06-23 13:43:32.689971,2025-06-23 13:46:33.989730,
105,4857544361FDB9AC,0,140110075,ONT GPON WIFI-N SAGEMCOM F@ST5657 SERIAL,,2025-06-09 14:28:59.553479,2025-06-23 13:46:33.972320,
106,4857544358784DAC,0,140110075,ONT GPON WIFI-N SAGEMCOM F@ST5657 SERIAL,,2025-06-09 14:28:59.507484,2025-06-23 13:46:33.954834,
107,48575443484171B0,0,140110075,ONT GPON WIFI-N SAGEMCOM F@ST5657 SERIAL,,2025-06-23 13:43:32.661645,2025-06-23 13:46:33.936896,
108,48575443130EAFAF,0,140110075,ONT GPON WIFI-N SAGEMCOM F@ST5657 SERIAL,,2025-06-23 13:43:32.381895,2025-06-23 13:46:33.919735,
109,4857544312FDE8AF,0,140110075,ONT GPON WIFI-N SAGEMCOM F@ST5657 SERIAL,,2025-06-23 13:43:32.238555,2025-06-23 13:46:33.895486,
110,FZ324060107001,0,110110006,DECO IP ANDROID 4K HP44H SERIAL,,2025-06-23 13:22:06.994883,2025-06-23 13:33:32.869365,
111,FZ324060106997,0,110110006,DECO IP ANDROID 4K HP44H SERIAL,,2025-06-23 13:22:06.968655,2025-06-23 13:33:32.851800,
112,FZ324060106996,0,110110006,DECO IP ANDROID 4K HP44H SERIAL,,2025-06-23 13:22:06.942846,2025-06-23 13:33:32.833826,
113,FZ324060106982,0,110110006,DECO IP ANDROID 4K HP44H SERIAL,,2025-06-23 13:22:06.918767,2025-06-23 13:33:32.815843,
114,FZ324060106953,0,110110006,DECO IP ANDROID 4K HP44H SERIAL,,2025-06-23 13:22:06.893080,2025-06-23 13:33:32.797796,
115,FZ324060106944,0,110110006,DECO IP ANDROID 4K HP44H SERIAL,,2025-06-23 13:22:06.866215,2025-06-23 13:33:32.781206,
116,FZ324060106917,0,110110006,DECO IP ANDROID 4K HP44H SERIAL,,2025-06-23 13:22:06.840002,2025-06-23 13:33:32.762557,
117,FZ324060106904,0,110110006,DECO IP ANDROID 4K HP44H SERIAL,,2025-06-23 13:22:06.808567,2025-06-23 13:33:32.744618,
118,FZ324060106866,0,110110006,DECO IP ANDROID 4K HP44H SERIAL,,2025-06-23 13:22:06.779182,2025-06-23 13:33:32.728432,
119,FZ324060106758,0,110110006,DECO IP ANDROID 4K HP44H SERIAL,,2025-06-23 13:22:06.745749,2025-06-23 13:33:32.709544,
120,FZ324060106027,0,110110006,DECO IP ANDROID 4K HP44H SERIAL,,2025-06-23 13:22:06.718194,2025-06-23 13:33:32.691201,
121,FZ324060105970,0,110110006,DECO IP ANDROID 4K HP44H SERIAL,,2025-06-23 13:22:06.689398,2025-06-23 13:33:32.673910,
122,FZ324060105969,0,110110006,DECO IP ANDROID 4K HP44H SERIAL,,2025-06-23 13:22:06.659473,2025-06-23 13:33:32.654973,
123,FZ324060105964,0,110110006,DECO IP ANDROID 4K HP44H SERIAL,,2025-06-23 13:22:06.631916,2025-06-23 13:33:32.636148,
124,FZ324060105959,0,110110006,DECO IP ANDROID 4K HP44H SERIAL,,2025-06-23 13:22:06.604874,2025-06-23 13:33:32.618042,
125,FZ324060105939,0,110110006,DECO IP ANDROID 4K HP44H SERIAL,,2025-06-23 13:22:06.578286,2025-06-23 13:33:32.599823,
126,FZ324060105931,0,110110006,DECO IP ANDROID 4K HP44H SERIAL,,2025-06-23 13:22:06.548890,2025-06-23 13:33:32.582532,
127,FZ324060105911,0,110110006,DECO IP ANDROID 4K HP44H SERIAL,,2025-06-23 13:22:06.519969,2025-06-23 13:33:32.564430,
128,FZ324060105907,0,110110006,DECO IP ANDROID 4K HP44H SERIAL,,2025-06-23 13:22:06.491429,2025-06-23 13:33:32.546440,
129,FZ324060105899,0,110110006,DECO IP ANDROID 4K HP44H SERIAL,,2025-06-23 13:22:06.463712,2025-06-23 13:33:32.530587,
130,FZ324060105862,0,110110006,DECO IP ANDROID 4K HP44H SERIAL,,2025-06-23 13:22:06.434586,2025-06-23 13:33:32.512350,
131,FZ324060105825,0,110110006,DECO IP ANDROID 4K HP44H SERIAL,,2025-06-23 13:22:06.405025,2025-06-23 13:33:32.494563,
132,FZ324060105788,0,110110006,DECO IP ANDROID 4K HP44H SERIAL,,2025-06-23 13:22:06.377370,2025-06-23 13:33:32.477623,
133,FZ324060105773,0,110110006,DECO IP ANDROID 4K HP44H SERIAL,,2025-06-23 13:22:06.347505,2025-06-23 13:33:32.458001,
134,FZ324060105687,0,110110006,DECO IP ANDROID 4K HP44H SERIAL,,2025-06-23 13:22:06.313506,2025-06-23 13:33:32.439398,
135,FZ324060105681,0,110110006,DECO IP ANDROID 4K HP44H SERIAL,,2025-06-23 13:22:06.283312,2025-06-23 13:33:32.422915,
136,FZ324060105654,0,110110006,DECO IP ANDROID 4K HP44H SERIAL,,2025-06-23 13:22:06.250948,2025-06-23 13:33:32.405473,
137,FZ324060101925,0,110110006,DECO IP ANDROID 4K HP44H SERIAL,,2025-06-23 13:22:06.216340,2025-06-23 13:33:32.387511,
138,FZ324060004041,0,110110006,DECO IP ANDROID 4K HP44H SERIAL,,2025-06-23 13:22:06.187987,2025-06-23 13:33:32.369251,
139,FZ324060004039,0,110110006,DECO IP ANDROID 4K HP44H SERIAL,,2025-06-23 13:22:06.160476,2025-06-23 13:33:32.351277,
140,FZ324060004037,0,110110006,DECO IP ANDROID 4K HP44H SERIAL,,2025-06-23 13:22:06.133006,2025-06-23 13:33:32.333459,
141,FZ324060004017,0,110110006,DECO IP ANDROID 4K HP44H SERIAL,,2025-06-23 13:22:06.102250,2025-06-23 13:33:32.315273,
142,FZ324060004008,0,110110006,DECO IP ANDROID 4K HP44H SERIAL,,2025-06-23 13:22:06.073409,2025-06-23 13:33:32.298163,
143,FZ324060004002,0,110110006,DECO IP ANDROID 4K HP44H SERIAL,,2025-06-23 13:22:06.044315,2025-06-23 13:33:32.281490,
144,FZ324060003993,0,110110006,DECO IP ANDROID 4K HP44H SERIAL,,2025-06-23 13:22:06.016635,2025-06-23 13:33:32.263463,
145,ALCLB40AF855,0,140110075,ONT GPON WIFI-N SAGEMCOM F@ST5657 SERIAL,,2025-06-23 13:22:05.252365,2025-06-23 13:33:32.144273,
146,ALCLB4078F5F,0,140110075,ONT GPON WIFI-N SAGEMCOM F@ST5657 SERIAL,,2025-06-09 14:28:59.324539,2025-06-23 13:33:32.128200,
147,ALCLB2B67B1B,0,140110075,ONT GPON WIFI-N SAGEMCOM F@ST5657 SERIAL,,2025-06-09 14:28:59.277892,2025-06-23 13:33:32.109909,
148,ALCLB266CA2F,0,140110075,ONT GPON WIFI-N SAGEMCOM F@ST5657 SERIAL,,2025-06-09 14:28:59.483850,2025-06-23 13:33:32.091287,
149,ALCLB266520F,0,140110075,ONT GPON WIFI-N SAGEMCOM F@ST5657 SERIAL,,2025-06-09 14:28:59.461874,2025-06-23 13:33:32.073826,
150,ALCLB2664542,0,140110075,ONT GPON WIFI-N SAGEMCOM F@ST5657 SERIAL,,2025-06-09 14:28:59.300852,2025-06-23 13:33:32.054863,
151,ALCLB261F778,0,140110075,ONT GPON WIFI-N SAGEMCOM F@ST5657 SERIAL,,2025-06-09 14:28:59.369897,2025-06-23 13:33:32.035008,
152,ALCLB261F428,0,140110075,ONT GPON WIFI-N SAGEMCOM F@ST5657 SERIAL,,2025-06-09 14:28:59.347287,2025-06-23 13:33:32.015935,
153,ALCLB260FA30,0,140110075,ONT GPON WIFI-N SAGEMCOM F@ST5657 SERIAL,,2025-06-09 14:28:59.415177,2025-06-23 13:33:31.997299,
154,534D425300350872,0,140110075,ONT GPON WIFI-N SAGEMCOM F@ST5657 SERIAL,,2025-06-23 13:22:05.657063,2025-06-23 13:33:31.981124,
155,48585443EBA7BFAF,0,140110075,ONT GPON WIFI-N SAGEMCOM F@ST5657 SERIAL,,2025-06-23 13:22:05.736503,2025-06-23 13:33:31.962957,
156,48575443EBA7DFAF,0,140110075,ONT GPON WIFI-N SAGEMCOM F@ST5657 SERIAL,,2025-06-23 13:22:05.946006,2025-06-23 13:33:31.945062,
157,48575443EBA7DCAF,0,140110075,ONT GPON WIFI-N SAGEMCOM F@ST5657 SERIAL,,2025-06-23 13:22:05.788659,2025-06-23 13:33:31.927514,
158,48575443EBA7DAAF,0,140110075,ONT GPON WIFI-N SAGEMCOM F@ST5657 SERIAL,,2025-06-23 13:22:05.919666,2025-06-23 13:33:31.908272,
159,48575443EBA7D9AF,0,140110075,ONT GPON WIFI-N SAGEMCOM F@ST5657 SERIAL,,2025-06-23 13:22:05.815519,2025-06-23 13:33:31.889253,
160,48575443EBA7C2AF,0,140110075,ONT GPON WIFI-N SAGEMCOM F@ST5657 SERIAL,,2025-06-23 13:22:05.892124,2025-06-23 13:33:31.871148,
161,48575443EBA7BBAF,0,140110075,ONT GPON WIFI-N SAGEMCOM F@ST5657 SERIAL,,2025-06-23 13:22:05.840525,2025-06-23 13:33:31.851865,
162,48575443EBA796AF,0,140110075,ONT GPON WIFI-N SAGEMCOM F@ST5657 SERIAL,,2025-06-23 13:22:05.761715,2025-06-23 13:33:31.833738,
163,48575443EBA76BAF,0,140110075,ONT GPON WIFI-N SAGEMCOM F@ST5657 SERIAL,,2025-06-23 13:22:05.171545,2025-06-23 13:33:31.815683,
164,48575443EBA750AF,0,140110075,ONT GPON WIFI-N SAGEMCOM F@ST5657 SERIAL,,2025-06-23 13:22:05.356006,2025-06-23 13:33:31.798265,
165,48575443EBA74FAF,0,140110075,ONT GPON WIFI-N SAGEMCOM F@ST5657 SERIAL,,2025-06-23 13:22:05.866055,2025-06-23 13:33:31.781986,
166,48575443EBA74BAF,0,140110075,ONT GPON WIFI-N SAGEMCOM F@ST5657 SERIAL,,2025-06-23 13:22:05.196646,2025-06-23 13:33:31.763916,
167,48575443EBA74AAF,0,140110075,ONT GPON WIFI-N SAGEMCOM F@ST5657 SERIAL,,2025-06-23 13:22:05.279958,2025-06-23 13:33:31.746416,
168,48575443EBA738AF,0,140110075,ONT GPON WIFI-N SAGEMCOM F@ST5657 SERIAL,,2025-06-23 13:22:05.145360,2025-06-23 13:33:31.730039,
169,48575443EBA721AF,0,140110075,ONT GPON WIFI-N SAGEMCOM F@ST5657 SERIAL,,2025-06-23 13:22:05.329022,2025-06-23 13:33:31.712203,
170,48575443EBA591AF,0,140110075,ONT GPON WIFI-N SAGEMCOM F@ST5657 SERIAL,,2025-06-23 13:22:05.225150,2025-06-23 13:33:31.695167,
171,48575443EBA434AF,0,140110075,ONT GPON WIFI-N SAGEMCOM F@ST5657 SERIAL,,2025-06-23 13:22:05.305730,2025-06-23 13:33:31.678927,
172,48575443EB9BBBAF,0,140110075,ONT GPON WIFI-N SAGEMCOM F@ST5657 SERIAL,,2025-06-23 13:22:05.630026,2025-06-23 13:33:31.660926,
173,48575443EB9B75AF,0,140110075,ONT GPON WIFI-N SAGEMCOM F@ST5657 SERIAL,,2025-06-23 13:22:05.545851,2025-06-23 13:33:31.643373,
174,48575443EB9B72AF,0,140110075,ONT GPON WIFI-N SAGEMCOM F@ST5657 SERIAL,,2025-06-23 13:22:05.573963,2025-06-23 13:33:31.627395,
175,48575443EB9B6BAF,0,140110075,ONT GPON WIFI-N SAGEMCOM F@ST5657 SERIAL,,2025-06-23 13:22:05.519299,2025-06-23 13:33:31.609603,
176,48575443EB9B5EAF,0,140110075,ONT GPON WIFI-N SAGEMCOM F@ST5657 SERIAL,,2025-06-23 13:22:05.600742,2025-06-23 13:33:31.592492,
177,48575443EB9B54AF,0,140110075,ONT GPON WIFI-N SAGEMCOM F@ST5657 SERIAL,,2025-06-23 13:22:05.465619,2025-06-23 13:33:31.576226,
178,48575443EB9B51AF,0,140110075,ONT GPON WIFI-N SAGEMCOM F@ST5657 SERIAL,,2025-06-23 13:22:05.438817,2025-06-23 13:33:31.558437,
179,48575443EB9B4EAF,0,140110075,ONT GPON WIFI-N SAGEMCOM F@ST5657 SERIAL,,2025-06-23 13:22:05.384960,2025-06-23 13:33:31.541261,
180,48575443EB9B3DAF,0,140110075,ONT GPON WIFI-N SAGEMCOM F@ST5657 SERIAL,,2025-06-23 13:22:05.411917,2025-06-23 13:33:31.525312,
181,48575443EAB7C3AF,0,140110075,ONT GPON WIFI-N SAGEMCOM F@ST5657 SERIAL,,2025-06-23 13:22:05.492900,2025-06-23 13:33:31.507005,
182,48575443DF5EF8B0,0,140110075,ONT GPON WIFI-N SAGEMCOM F@ST5657 SERIAL,,2025-06-23 13:22:05.709532,2025-06-23 13:33:31.488874,
183,48575443D8504EAC,0,140110075,ONT GPON WIFI-N SAGEMCOM F@ST5657 SERIAL,,2025-06-23 13:22:05.062471,2025-06-23 13:33:31.472202,
184,48575443D1C592AF,0,140110075,ONT GPON WIFI-N SAGEMCOM F@ST5657 SERIAL,,2025-06-23 13:22:05.683081,2025-06-23 13:33:31.454887,
185,48575443C54FEBAA,0,140110075,ONT GPON WIFI-N SAGEMCOM F@ST5657 SERIAL,,2025-06-23 13:22:05.120778,2025-06-23 13:33:31.436758,
186,48575443C5458FAA,0,140110075,ONT GPON WIFI-N SAGEMCOM F@ST5657 SERIAL,,2025-06-23 13:22:05.094976,2025-06-23 13:33:31.413597,
187,FZ325060003797,0,110110006,DECO IP ANDROID 4K HP44H SERIAL,,2025-06-23 11:20:35.038529,2025-06-23 12:18:08.150555,
188,FZ324060106924,0,110110006,DECO IP ANDROID 4K HP44H SERIAL,,2025-06-23 11:20:35.015850,2025-06-23 12:18:08.132840,
189,FZ324060106886,0,110110006,DECO IP ANDROID 4K HP44H SERIAL,,2025-06-23 11:20:34.992945,2025-06-23 12:18:08.117161,
190,FZ324060106884,0,110110006,DECO IP ANDROID 4K HP44H SERIAL,,2025-06-23 11:20:34.971048,2025-06-23 12:18:08.099196,
191,FZ324060106843,0,110110006,DECO IP ANDROID 4K HP44H SERIAL,,2025-06-23 11:20:34.948666,2025-06-23 12:18:08.082613,
192,FZ324060106842,0,110110006,DECO IP ANDROID 4K HP44H SERIAL,,2025-06-23 11:20:34.926333,2025-06-23 12:18:08.062706,
193,FZ324060106840,0,110110006,DECO IP ANDROID 4K HP44H SERIAL,,2025-06-23 11:20:34.903372,2025-06-23 12:18:08.044226,
194,FZ324060106820,0,110110006,DECO IP ANDROID 4K HP44H SERIAL,,2025-06-23 11:20:34.881503,2025-06-23 12:18:08.025109,
195,FZ324060106803,0,110110006,DECO IP ANDROID 4K HP44H SERIAL,,2025-06-23 11:20:34.807244,2025-06-23 12:18:08.005415,
196,FZ324060106000,0,110110006,DECO IP ANDROID 4K HP44H SERIAL,,2025-06-23 11:20:34.785205,2025-06-23 12:18:07.987595,
197,FZ324060105990,0,110110006,DECO IP ANDROID 4K HP44H SERIAL,,2025-06-23 11:20:34.761911,2025-06-23 12:18:07.969902,
198,FZ324060105956,0,110110006,DECO IP ANDROID 4K HP44H SERIAL,,2025-06-23 11:20:34.739245,2025-06-23 12:18:07.952836,
199,FZ324060105945,0,110110006,DECO IP ANDROID 4K HP44H SERIAL,,2025-06-23 11:20:34.715827,2025-06-23 12:18:07.934928,
200,FZ324060105943,0,110110006,DECO IP ANDROID 4K HP44H SERIAL,,2025-06-23 11:20:34.693091,2025-06-23 12:18:07.916698,
201,FZ324060105908,0,110110006,DECO IP ANDROID 4K HP44H SERIAL,,2025-06-23 11:20:34.670144,2025-06-23 12:18:07.899001,
202,FZ324060105861,0,110110006,DECO IP ANDROID 4K HP44H SERIAL,,2025-06-23 11:20:34.645125,2025-06-23 12:18:07.882146,
203,FZ324060033064,0,110110006,DECO IP ANDROID 4K HP44H SERIAL,,2025-06-23 11:20:34.622542,2025-06-23 12:18:07.863952,
204,FZ324060032933,0,110110006,DECO IP ANDROID 4K HP44H SERIAL,,2025-06-23 11:20:34.600305,2025-06-23 12:18:07.845436,
205,FZ324060021538,0,110110006,DECO IP ANDROID 4K HP44H SERIAL,,2025-06-23 11:20:34.577371,2025-06-23 12:18:07.828251,
206,FZ324060021285,0,110110006,DECO IP ANDROID 4K HP44H SERIAL,,2025-06-09 14:29:00.798788,2025-06-23 12:18:07.807735,
207,FZ324060021282,0,110110006,DECO IP ANDROID 4K HP44H SERIAL,,2025-06-09 14:29:00.848809,2025-06-23 12:18:07.789966,
208,FZ324060021278,0,110110006,DECO IP ANDROID 4K HP44H SERIAL,,2025-06-09 14:29:00.826470,2025-06-23 12:18:07.765474,
209,FZ324060003946,0,110110006,DECO IP ANDROID 4K HP44H SERIAL,,2025-06-23 11:20:34.555485,2025-06-23 12:18:07.747931,
210,FZ324060003787,0,110110006,DECO IP ANDROID 4K HP44H SERIAL,,2025-06-23 11:20:34.532200,2025-06-23 12:18:07.728115,
211,FZ324060003772,0,110110006,DECO IP ANDROID 4K HP44H SERIAL,,2025-06-23 11:20:34.509805,2025-06-23 12:18:07.712225,
212,FZ324060003771,0,110110006,DECO IP ANDROID 4K HP44H SERIAL,,2025-06-23 11:20:34.487856,2025-06-23 12:18:07.691170,
213,FZ324060003758,0,110110006,DECO IP ANDROID 4K HP44H SERIAL,,2025-06-23 11:20:34.465116,2025-06-23 12:18:07.673165,
214,FZ324060003755,0,110110006,DECO IP ANDROID 4K HP44H SERIAL,,2025-06-23 11:20:34.441604,2025-06-23 12:18:07.651818,
215,ALCLFBDA7DC3,0,140110075,ONT GPON WIFI-N SAGEMCOM F@ST5657 SERIAL,,2025-06-23 11:20:33.818262,2025-06-23 12:18:07.544559,
216,ALCLB41627AB,0,140110075,ONT GPON WIFI-N SAGEMCOM F@ST5657 SERIAL,,2025-06-23 11:20:33.661757,2025-06-23 12:18:07.524491,
217,48576443CF4430AF,0,140110075,ONT GPON WIFI-N SAGEMCOM F@ST5657 SERIAL,,2025-06-23 11:20:34.287427,2025-06-23 12:18:07.507656,
218,48575443F9FE19AC,0,140110075,ONT GPON WIFI-N SAGEMCOM F@ST5657 SERIAL,,2025-06-09 14:28:58.881127,2025-06-23 12:18:07.489470,
219,48575443F97F2BAF,0,140110075,ONT GPON WIFI-N SAGEMCOM F@ST5657 SERIAL,,2025-06-23 11:20:34.357601,2025-06-23 12:18:07.471422,
220,48575443F97EF4AF,0,140110075,ONT GPON WIFI-N SAGEMCOM F@ST5657 SERIAL,,2025-06-23 11:20:34.333033,2025-06-23 12:18:07.451975,
221,48575443EBA7E0AF,0,140110075,ONT GPON WIFI-N SAGEMCOM F@ST5657 SERIAL,,2025-06-23 11:20:34.013227,2025-06-23 12:18:07.435748,
222,48575443EBA7D4AF,0,140110075,ONT GPON WIFI-N SAGEMCOM F@ST5657 SERIAL,,2025-06-23 11:20:34.057335,2025-06-23 12:18:07.415729,
223,48575443EBA7C5AF,0,140110075,ONT GPON WIFI-N SAGEMCOM F@ST5657 SERIAL,,2025-06-23 11:20:33.991334,2025-06-23 12:18:07.397350,
224,48575443EBA795AF,0,140110075,ONT GPON WIFI-N SAGEMCOM F@ST5657 SERIAL,,2025-06-23 11:20:34.152577,2025-06-23 12:18:07.378176,
225,48575443EBA794AF,0,140110075,ONT GPON WIFI-N SAGEMCOM F@ST5657 SERIAL,,2025-06-23 11:20:33.882788,2025-06-23 12:18:07.358524,
226,48575443EBA793AF,0,140110075,ONT GPON WIFI-N SAGEMCOM F@ST5657 SERIAL,,2025-06-23 11:20:34.079209,2025-06-23 12:18:07.343148,
227,48575443EBA791AF,0,140110075,ONT GPON WIFI-N SAGEMCOM F@ST5657 SERIAL,,2025-06-23 11:20:34.122801,2025-06-23 12:18:07.324750,
228,48575443EBA779AF,0,140110075,ONT GPON WIFI-N SAGEMCOM F@ST5657 SERIAL,,2025-06-23 11:20:33.729007,2025-06-23 12:18:07.309595,
229,48575443EBA75EAF,0,140110075,ONT GPON WIFI-N SAGEMCOM F@ST5657 SERIAL,,2025-06-23 11:20:34.100599,2025-06-23 12:18:07.291939,
230,48575443EBA753AF,0,140110075,ONT GPON WIFI-N SAGEMCOM F@ST5657 SERIAL,,2025-06-23 11:20:33.947962,2025-06-23 12:18:07.275820,
231,48575443EBA74DAF,0,140110075,ONT GPON WIFI-N SAGEMCOM F@ST5657 SERIAL,,2025-06-23 11:20:34.035607,2025-06-23 12:18:07.256718,
232,48575443EB9BBAAF,0,140110075,ONT GPON WIFI-N SAGEMCOM F@ST5657 SERIAL,,2025-06-23 11:20:33.774520,2025-06-23 12:18:07.240789,
233,48575443EB9BB7AF,0,140110075,ONT GPON WIFI-N SAGEMCOM F@ST5657 SERIAL,,2025-06-23 11:20:33.969757,2025-06-23 12:18:07.223483,
234,48575443EB9B70AF,0,140110075,ONT GPON WIFI-N SAGEMCOM F@ST5657 SERIAL,,2025-06-23 11:20:33.707343,2025-06-23 12:18:07.204836,
235,48575443EB9B6AAF,0,140110075,ONT GPON WIFI-N SAGEMCOM F@ST5657 SERIAL,,2025-06-23 11:20:33.839829,2025-06-23 12:18:07.188989,
236,48575443EB9B61AF,0,140110075,ONT GPON WIFI-N SAGEMCOM F@ST5657 SERIAL,,2025-06-23 11:20:33.752073,2025-06-23 12:18:07.172301,
237,48575443EB9B57AF,0,140110075,ONT GPON WIFI-N SAGEMCOM F@ST5657 SERIAL,,2025-06-23 11:20:33.861221,2025-06-23 12:18:07.156301,
238,48575443EB9B52AF,0,140110075,ONT GPON WIFI-N SAGEMCOM F@ST5657 SERIAL,,2025-06-23 11:20:33.796292,2025-06-23 12:18:07.139481,
239,48575443EB9B4DAF,0,140110075,ONT GPON WIFI-N SAGEMCOM F@ST5657 SERIAL,,2025-06-23 11:20:33.904633,2025-06-23 12:18:07.122521,
240,48575443EB9AF3AF,0,140110075,ONT GPON WIFI-N SAGEMCOM F@ST5657 SERIAL,,2025-06-23 11:20:33.926426,2025-06-23 12:18:07.104523,
241,48575443E48A0DAE,0,140110075,ONT GPON WIFI-N SAGEMCOM F@ST5657 SERIAL,,2025-06-23 11:20:34.175190,2025-06-23 12:18:07.087258,
242,48575443CF3BACAF,0,140110075,ONT GPON WIFI-N SAGEMCOM F@ST5657 SERIAL,,2025-06-23 11:20:34.220465,2025-06-23 12:18:07.070619,
243,48575443C833F7AC,0,140110075,ONT GPON WIFI-N SAGEMCOM F@ST5657 SERIAL,,2025-06-23 11:20:33.569058,2025-06-23 12:18:07.052861,
244,48575443C03E35AC,0,140110075,ONT GPON WIFI-N SAGEMCOM F@ST5657 SERIAL,,2025-06-09 14:29:00.639530,2025-06-23 12:18:07.037455,
245,48575443BC92C8AC,0,140110075,ONT GPON WIFI-N SAGEMCOM F@ST5657 SERIAL,,2025-06-23 11:20:33.616622,2025-06-23 12:18:07.019811,
246,48575443B68422AC,0,140110075,ONT GPON WIFI-N SAGEMCOM F@ST5657 SERIAL,,2025-06-23 11:20:33.593330,2025-06-23 12:18:07.002038,
247,48575443A71955AE,0,140110075,ONT GPON WIFI-N SAGEMCOM F@ST5657 SERIAL,,2025-06-23 11:20:34.265346,2025-06-23 12:18:06.987465,
248,48575443A71143AE,0,140110075,ONT GPON WIFI-N SAGEMCOM F@ST5657 SERIAL,,2025-06-23 11:20:34.197506,2025-06-23 12:18:06.969348,
249,48575443951133AC,0,140110075,ONT GPON WIFI-N SAGEMCOM F@ST5657 SERIAL,,2025-06-23 11:20:33.501515,2025-06-23 12:18:06.951769,
250,4857544373DD1BB0,0,140110075,ONT GPON WIFI-N SAGEMCOM F@ST5657 SERIAL,,2025-06-23 11:20:34.379640,2025-06-23 12:18:06.934777,
251,48575443675A0FAA,0,140110075,ONT GPON WIFI-N SAGEMCOM F@ST5657 SERIAL,,2025-06-23 11:20:33.685186,2025-06-23 12:18:06.919005,
252,48575443626C06AA,0,140110075,ONT GPON WIFI-N SAGEMCOM F@ST5657 SERIAL,,2025-06-23 11:20:33.470422,2025-06-23 12:18:06.902539,
253,48575443594A5EAC,0,140110075,ONT GPON WIFI-N SAGEMCOM F@ST5657 SERIAL,,2025-06-09 14:29:00.610894,2025-06-23 12:18:06.885023,
254,485754435906F8AC,0,140110075,ONT GPON WIFI-N SAGEMCOM F@ST5657 SERIAL,,2025-06-09 14:29:00.564914,2025-06-23 12:18:06.867983,
255,485754434974A3AC,0,140110075,ONT GPON WIFI-N SAGEMCOM F@ST5657 SERIAL,,2025-06-23 11:20:33.639758,2025-06-23 12:18:06.849434,
256,48575443354E22B0,0,140110075,ONT GPON WIFI-N SAGEMCOM F@ST5657 SERIAL,,2025-06-23 11:20:34.309569,2025-06-23 12:18:06.833627,
257,48575443159146AB,0,140110075,ONT GPON WIFI-N SAGEMCOM F@ST5657 SERIAL,,2025-06-09 14:29:00.662313,2025-06-23 12:18:06.813367,
258,485754431317F8AF,0,140110075,ONT GPON WIFI-N SAGEMCOM F@ST5657 SERIAL,,2025-06-23 11:20:34.242912,2025-06-23 12:18:06.797497,
259,485754431224C9AB,0,140110075,ONT GPON WIFI-N SAGEMCOM F@ST5657 SERIAL,,2025-06-09 14:29:00.541729,2025-06-23 12:18:06.780113,
260,485754430D7401AD,0,140110075,ONT GPON WIFI-N SAGEMCOM F@ST5657 SERIAL,,2025-06-23 11:20:33.545936,2025-06-23 12:18:06.759659,
261,485754430720C8AD,0,140110075,ONT GPON WIFI-N SAGEMCOM F@ST5657 SERIAL,,2025-06-09 14:29:00.518425,2025-06-23 12:18:06.740562,
262,48575443071686AD,0,140110075,ONT GPON WIFI-N SAGEMCOM F@ST5657 SERIAL,,2025-06-23 11:20:33.524034,2025-06-23 12:18:06.716342,
263,48575443D0FB31B0,0,140111365,ONT GPON  WIFI 6 2X2  STD.C/ACC.SERIAL,51ROD465 (Pat. AE835PS) - QPS,2025-06-17 16:09:53.010613,2025-06-18 16:19:36.914845,
264,48575443D0FAB5B0,0,140111365,ONT GPON  WIFI 6 2X2  STD.C/ACC.SERIAL,51ROD465 (Pat. AE835PS) - QPS,2025-06-17 16:09:52.922062,2025-06-18 16:19:36.879092,
265,48575443D0FECAB0,0,140111365,ONT GPON  WIFI 6 2X2  STD.C/ACC.SERIAL,51ROD465 (Pat. AE835PS) - QPS,2025-06-17 16:09:53.434850,2025-06-18 16:19:36.842692,
266,48575443D1029EB0,0,140111365,ONT GPON  WIFI 6 2X2  STD.C/ACC.SERIAL,51ROD637 (Pat. AC774WF) - QPS,2025-06-17 16:09:53.210323,2025-06-17 16:19:19.752936,
267,48575443D10204B0,0,140111365,ONT GPON  WIFI 6 2X2  STD.C/ACC.SERIAL,51ROD637 (Pat. AC774WF) - QPS,2025-06-17 16:09:53.040963,2025-06-17 16:19:19.713315,
268,48575443D0FBDCB0,0,140111365,ONT GPON  WIFI 6 2X2  STD.C/ACC.SERIAL,51ROD637 (Pat. AC774WF) - QPS,2025-06-17 16:09:53.081754,2025-06-17 16:19:19.673009,
269,48575443D0FE1CB0,0,140111365,ONT GPON  WIFI 6 2X2  STD.C/ACC.SERIAL,51ROD637 (Pat. AC774WF) - QPS,2025-06-17 16:09:52.760710,2025-06-17 16:19:19.633590,
270,48575443D0FF22B0,0,140111365,ONT GPON  WIFI 6 2X2  STD.C/ACC.SERIAL,51ROD637 (Pat. AC774WF) - QPS,2025-06-17 16:09:52.870550,2025-06-17 16:19:19.557943,
271,48575443D0FEAEB0,0,140111365,ONT GPON  WIFI 6 2X2  STD.C/ACC.SERIAL,M563 - QPS,2025-06-17 16:09:53.395230,2025-06-17 16:09:53.411723,
272,48575443D0FBABB0,0,140111365,ONT GPON  WIFI 6 2X2  STD.C/ACC.SERIAL,M563 - QPS,2025-06-17 16:09:52.811553,2025-06-17 16:09:52.826687,
273,48575443D0FCA9B0,0,140111365,ONT GPON  WIFI 6 2X2  STD.C/ACC.SERIAL,M563 - QPS,2025-06-17 16:09:52.532077,2025-06-17 16:09:52.548430,
274,48575443D0FEA1B0,0,140111365,ONT GPON  WIFI 6 2X2  STD.C/ACC.SERIAL,M563 - QPS,2025-06-17 16:09:52.458943,2025-06-17 16:09:52.473856,
275,48575443D0FFA0B0,0,140111365,ONT GPON  WIFI 6 2X2  STD.C/ACC.SERIAL,M563 - QPS,2025-06-17 16:09:52.422772,2025-06-17 16:09:52.436077,
276,48575443D1014EB0,0,140111365,ONT GPON  WIFI 6 2X2  STD.C/ACC.SERIAL,M563 - QPS,2025-06-17 16:09:52.267997,2025-06-17 16:09:52.284470,
277,48575443D10296B0,0,140111365,ONT GPON  WIFI 6 2X2  STD.C/ACC.SERIAL,M563 - QPS,2025-06-17 16:09:52.161468,2025-06-17 16:09:52.184747,
278,48575443D102AEB0,0,140111365,ONT GPON  WIFI 6 2X2  STD.C/ACC.SERIAL,M563 - QPS,2025-06-17 16:09:52.118525,2025-06-17 16:09:52.133614,
279,48575443D0FE4EB0,0,140111365,ONT GPON  WIFI 6 2X2  STD.C/ACC.SERIAL,M563 - QPS,2025-06-17 16:09:52.082696,2025-06-17 16:09:52.096355,
280,48575443D0FC83B0,0,140111365,ONT GPON  WIFI 6 2X2  STD.C/ACC.SERIAL,M563 - QPS,2025-06-17 16:09:52.046364,2025-06-17 16:09:52.060124,
281,48575443D0FC29B0,0,140111365,ONT GPON  WIFI 6 2X2  STD.C/ACC.SERIAL,M563 - QPS,2025-06-17 16:09:52.010741,2025-06-17 16:09:52.024875,
282,48575443D0FE8CB0,0,140111365,ONT GPON  WIFI 6 2X2  STD.C/ACC.SERIAL,M563 - QPS,2025-06-17 16:09:51.970178,2025-06-17 16:09:51.984072,
283,48575443D0FFC7B0,0,140111365,ONT GPON  WIFI 6 2X2  STD.C/ACC.SERIAL,M563 - QPS,2025-06-17 16:09:51.937077,2025-06-17 16:09:51.949301,
284,48575443D0FBFCB0,0,140111365,ONT GPON  WIFI 6 2X2  STD.C/ACC.SERIAL,M563 - QPS,2025-06-17 16:09:51.835316,2025-06-17 16:09:51.851590,
285,48575443D0FF47B0,0,140111365,ONT GPON  WIFI 6 2X2  STD.C/ACC.SERIAL,M563 - QPS,2025-06-17 16:09:51.798208,2025-06-17 16:09:51.809158,
286,48575443D0FE25B0,0,140111365,ONT GPON  WIFI 6 2X2  STD.C/ACC.SERIAL,M563 - QPS,2025-06-17 16:09:51.769325,2025-06-17 16:09:51.780442,
287,48575443D100BEB0,0,140111365,ONT GPON  WIFI 6 2X2  STD.C/ACC.SERIAL,M563 - QPS,2025-06-17 16:09:51.737697,2025-06-17 16:09:51.750193,
288,48575443D0FCADB0,0,140111365,ONT GPON  WIFI 6 2X2  STD.C/ACC.SERIAL,M563 - QPS,2025-06-17 16:09:51.703291,2025-06-17 16:09:51.716733,
289,48575443D0FF30B0,0,140111365,ONT GPON  WIFI 6 2X2  STD.C/ACC.SERIAL,M563 - QPS,2025-06-17 16:09:51.661390,2025-06-17 16:09:51.679346,
290,48575443D0FEABB0,0,140111365,ONT GPON  WIFI 6 2X2  STD.C/ACC.SERIAL,M563 - QPS,2025-06-17 16:09:51.611379,2025-06-17 16:09:51.631908,
291,48575443D0FF6EB0,0,140111365,ONT GPON  WIFI 6 2X2  STD.C/ACC.SERIAL,M563 - QPS,2025-06-17 16:09:51.564525,2025-06-17 16:09:51.580635,
292,48575443D0FB74B0,0,140111365,ONT GPON  WIFI 6 2X2  STD.C/ACC.SERIAL,M563 - QPS,2025-06-17 16:09:51.525507,2025-06-17 16:09:51.541220,
293,48575443D0FB0AB0,0,140111365,ONT GPON  WIFI 6 2X2  STD.C/ACC.SERIAL,M563 - QPS,2025-06-17 16:09:51.473458,2025-06-17 16:09:51.496057,
294,48575443D0FF15B0,0,140111365,ONT GPON  WIFI 6 2X2  STD.C/ACC.SERIAL,M563 - QPS,2025-06-17 16:09:51.420115,2025-06-17 16:09:51.439741,
295,48575443D102C2B0,0,140111365,ONT GPON  WIFI 6 2X2  STD.C/ACC.SERIAL,M563 - QPS,2025-06-17 16:09:51.383293,2025-06-17 16:09:51.396206,
296,48575443D10249B0,0,140111365,ONT GPON  WIFI 6 2X2  STD.C/ACC.SERIAL,M563 - QPS,2025-06-17 16:09:51.351134,2025-06-17 16:09:51.362965,
297,48575443D0F9A5B0,0,140111365,ONT GPON  WIFI 6 2X2  STD.C/ACC.SERIAL,M563 - QPS,2025-06-17 16:09:51.320522,2025-06-17 16:09:51.331650,
298,48575443D10107B0,0,140111365,ONT GPON  WIFI 6 2X2  STD.C/ACC.SERIAL,M563 - QPS,2025-06-17 16:09:51.289042,2025-06-17 16:09:51.301311,
299,48575443D10267B0,0,140111365,ONT GPON  WIFI 6 2X2  STD.C/ACC.SERIAL,M563 - QPS,2025-06-17 16:09:51.251667,2025-06-17 16:09:51.268188,
300,48575443D0FCBCB0,0,140111365,ONT GPON  WIFI 6 2X2  STD.C/ACC.SERIAL,M563 - QPS,2025-06-17 16:09:51.194125,2025-06-17 16:09:51.216934,
301,FZ324060062886,0,110110006,DECO IP ANDROID 4K HP44H SERIAL,M563 - QPS,2025-06-17 16:09:51.048001,2025-06-17 16:09:51.062469,
302,FZ324060062929,0,110110006,DECO IP ANDROID 4K HP44H SERIAL,M563 - QPS,2025-06-17 16:09:51.008676,2025-06-17 16:09:51.023049,
303,FZ324060062885,0,110110006,DECO IP ANDROID 4K HP44H SERIAL,M563 - QPS,2025-06-17 16:09:50.965531,2025-06-17 16:09:50.981637,
304,FZ324060062902,0,110110006,DECO IP ANDROID 4K HP44H SERIAL,M563 - QPS,2025-06-17 16:09:50.907730,2025-06-17 16:09:50.933255,
305,FZ324060062900,0,110110006,DECO IP ANDROID 4K HP44H SERIAL,M563 - QPS,2025-06-17 16:09:50.835965,2025-06-17 16:09:50.864697,
306,FZ324060062917,0,110110006,DECO IP ANDROID 4K HP44H SERIAL,M563 - QPS,2025-06-17 16:09:50.763122,2025-06-17 16:09:50.789506,
307,FZ324060062766,0,110110006,DECO IP ANDROID 4K HP44H SERIAL,M563 - QPS,2025-06-17 16:09:50.712922,2025-06-17 16:09:50.728535,
308,FZ324060064530,0,110110006,DECO IP ANDROID 4K HP44H SERIAL,M563 - QPS,2025-06-17 16:09:50.674146,2025-06-17 16:09:50.688116,
309,FZ324060062688,0,110110006,DECO IP ANDROID 4K HP44H SERIAL,M563 - QPS,2025-06-17 16:09:50.629531,2025-06-17 16:09:50.649864,
310,FZ324060062882,0,110110006,DECO IP ANDROID 4K HP44H SERIAL,M563 - QPS,2025-06-17 16:09:50.571778,2025-06-17 16:09:50.590965,
311,HP40A22140270819,0,110110006,DECO IP ANDROID 4K HP44H SERIAL,M563 - QPS,2025-06-17 16:09:50.515749,2025-06-17 16:09:50.529624,
312,HP40A22160342130,0,110110006,DECO IP ANDROID 4K HP44H SERIAL,M563 - QPS,2025-06-17 16:09:50.479836,2025-06-17 16:09:50.493300,
313,HP44H24310463235,0,110110006,DECO IP ANDROID 4K HP44H SERIAL,M563 - QPS,2025-06-17 16:09:50.440588,2025-06-17 16:09:50.456267,
314,HP40A22340415869,0,110110006,DECO IP ANDROID 4K HP44H SERIAL,M563 - QPS,2025-06-17 16:09:50.387383,2025-06-17 16:09:50.404891,
315,HP44H23250204888,0,110110006,DECO IP ANDROID 4K HP44H SERIAL,M563 - QPS,2025-06-17 16:09:50.344947,2025-06-17 16:09:50.361147,
316,HP40A20160008068,0,110110006,DECO IP ANDROID 4K HP44H SERIAL,M563 - QPS,2025-06-17 16:09:50.302457,2025-06-17 16:09:50.318537,
317,HP40A21110000866,0,110110006,DECO IP ANDROID 4K HP44H SERIAL,M563 - QPS,2025-06-17 16:09:50.253063,2025-06-17 16:09:50.268957,
318,HP44H23250208531,0,110110006,DECO IP ANDROID 4K HP44H SERIAL,M563 - QPS,2025-06-17 16:09:50.198519,2025-06-17 16:09:50.220899,
319,HP40A21490107256,0,110110006,DECO IP ANDROID 4K HP44H SERIAL,M563 - QPS,2025-06-17 16:09:50.126340,2025-06-17 16:09:50.151797,
320,HP40A20390001143,0,110110006,DECO IP ANDROID 4K HP44H SERIAL,M563 - QPS,2025-06-17 16:09:50.061861,2025-06-17 16:09:50.085031,
321,HP44H23100113415,0,110110006,DECO IP ANDROID 4K HP44H SERIAL,M563 - QPS,2025-06-17 16:09:50.017391,2025-06-17 16:09:50.030237,
322,HP44H23140159292,0,110110006,DECO IP ANDROID 4K HP44H SERIAL,M563 - QPS,2025-06-17 16:09:49.977452,2025-06-17 16:09:49.995693,
323,HP40A22190390564,0,110110006,DECO IP ANDROID 4K HP44H SERIAL,M563 - QPS,2025-06-17 16:09:49.933017,2025-06-17 16:09:49.950683,
324,HP44H23060077808,0,110110006,DECO IP ANDROID 4K HP44H SERIAL,M563 - QPS,2025-06-17 16:09:49.858620,2025-06-17 16:09:49.875931,
325,HP44H24230373871,0,110110006,DECO IP ANDROID 4K HP44H SERIAL,M563 - QPS,2025-06-17 16:09:49.802647,2025-06-17 16:09:49.821047,
326,HP40A22190369080,0,110110006,DECO IP ANDROID 4K HP44H SERIAL,M563 - QPS,2025-06-17 16:09:49.758617,2025-06-17 16:09:49.775248,
327,HP40A22160341196,0,110110006,DECO IP ANDROID 4K HP44H SERIAL,M563 - QPS,2025-06-17 16:09:49.712256,2025-06-17 16:09:49.729589,
328,HP44H23100125917,0,110110006,DECO IP ANDROID 4K HP44H SERIAL,M563 - QPS,2025-06-17 16:09:49.664936,2025-06-17 16:09:49.683813,
329,HP40A21490117334,0,110110006,DECO IP ANDROID 4K HP44H SERIAL,M563 - QPS,2025-06-17 16:09:49.621963,2025-06-17 16:09:49.636205,
330,HP44H23250208163,0,110110006,DECO IP ANDROID 4K HP44H SERIAL,M563 - QPS,2025-06-17 16:09:49.585110,2025-06-17 16:09:49.600458,
331,HP40A21490119378,0,110110006,DECO IP ANDROID 4K HP44H SERIAL,M563 - QPS,2025-06-17 16:09:49.526878,2025-06-17 16:09:49.551494,
332,HP40A21420081149,0,110110006,DECO IP ANDROID 4K HP44H SERIAL,M563 - QPS,2025-06-17 16:09:49.490199,2025-06-17 16:09:49.503380,
333,HP40A20390000051,0,110110006,DECO IP ANDROID 4K HP44H SERIAL,M563 - QPS,2025-06-17 16:09:49.454069,2025-06-17 16:09:49.468304,
334,HP40A21110001807,0,110110006,DECO IP ANDROID 4K HP44H SERIAL,M563 - QPS,2025-06-17 16:09:49.405766,2025-06-17 16:09:49.428110,
335,HP44H23250210983,0,110110006,DECO IP ANDROID 4K HP44H SERIAL,M563 - QPS,2025-06-17 16:09:49.354042,2025-06-17 16:09:49.371428,
336,HP44H23140165823,0,110110006,DECO IP ANDROID 4K HP44H SERIAL,M563 - QPS,2025-06-17 16:09:49.303258,2025-06-17 16:09:49.326809,
337,HP44H23060089218,0,110110006,DECO IP ANDROID 4K HP44H SERIAL,M563 - QPS,2025-06-17 16:09:49.229716,2025-06-17 16:09:49.257102,
338,HP40A22040222679,0,110110006,DECO IP ANDROID 4K HP44H SERIAL,M563 - QPS,2025-06-17 16:09:49.167408,2025-06-17 16:09:49.186041,
339,HP40A20390005722,0,110110006,DECO IP ANDROID 4K HP44H SERIAL,M563 - QPS,2025-06-17 16:09:49.130930,2025-06-17 16:09:49.144796,
340,HP40A21110000521,0,110110006,DECO IP ANDROID 4K HP44H SERIAL,M563 - QPS,2025-06-17 16:09:49.087016,2025-06-17 16:09:49.105141,
341,FZ324060050206,0,110110006,DECO IP ANDROID 4K HP44H SERIAL,51ROD637 (Pat. AC774WF) - QPS,2025-06-09 14:29:00.002334,2025-06-17 08:25:08.354316,
342,FZ324060050191,0,110110006,DECO IP ANDROID 4K HP44H SERIAL,51ROD637 (Pat. AC774WF) - QPS,2025-06-09 14:28:59.974493,2025-06-17 08:25:08.320546,
343,FZ324060050181,0,110110006,DECO IP ANDROID 4K HP44H SERIAL,51ROD637 (Pat. AC774WF) - QPS,2025-06-09 14:28:59.944869,2025-06-17 08:25:08.275585,
344,FZ324060048500,0,110110006,DECO IP ANDROID 4K HP44H SERIAL,51ROD637 (Pat. AC774WF) - QPS,2025-06-09 14:28:59.922580,2025-06-17 08:25:08.241485,
345,FZ324060048536,0,110110006,DECO IP ANDROID 4K HP44H SERIAL,51ROD637 (Pat. AC774WF) - QPS,2025-06-09 14:28:59.806727,2025-06-17 08:25:08.070657,
346,FZ324060049080,0,110110006,DECO IP ANDROID 4K HP44H SERIAL,51ROD637 (Pat. AC774WF) - QPS,2025-06-09 14:28:59.782269,2025-06-17 08:25:07.992729,
347,FZ324060106892,0,110110006,DECO IP ANDROID 4K HP44H SERIAL,51ROD636 (Pat. AD833WB) - QPS,2025-06-09 14:29:00.476024,2025-06-17 08:11:25.114955,
348,FZ324060106852,0,110110006,DECO IP ANDROID 4K HP44H SERIAL,51ROD636 (Pat. AD833WB) - QPS,2025-06-09 14:29:00.452213,2025-06-17 08:11:25.075716,
349,FZ324060106853,0,110110006,DECO IP ANDROID 4K HP44H SERIAL,51ROD636 (Pat. AD833WB) - QPS,2025-06-09 14:29:00.429427,2025-06-17 08:11:25.021951,
350,FZ324060106851,0,110110006,DECO IP ANDROID 4K HP44H SERIAL,51ROD636 (Pat. AD833WB) - QPS,2025-06-09 14:29:00.406428,2025-06-17 08:11:24.983248,
351,FZ324060106908,0,110110006,DECO IP ANDROID 4K HP44H SERIAL,51ROD636 (Pat. AD833WB) - QPS,2025-06-09 14:29:00.381828,2025-06-17 08:11:24.937929,
352,FZ324060107006,0,110110006,DECO IP ANDROID 4K HP44H SERIAL,51ROD636 (Pat. AD833WB) - QPS,2025-06-09 14:29:00.358106,2025-06-17 08:11:24.902788,
353,FZ324060106861,0,110110006,DECO IP ANDROID 4K HP44H SERIAL,51ROD636 (Pat. AD833WB) - QPS,2025-06-09 14:29:00.333949,2025-06-17 08:11:24.865305,
354,FZ324060106830,0,110110006,DECO IP ANDROID 4K HP44H SERIAL,51ROD636 (Pat. AD833WB) - QPS,2025-06-09 14:29:00.310489,2025-06-17 08:11:24.823704,
355,FZ324060106813,0,110110006,DECO IP ANDROID 4K HP44H SERIAL,51ROD636 (Pat. AD833WB) - QPS,2025-06-09 14:29:00.264337,2025-06-17 08:11:24.753571,
356,4857544301B52DAD,0,140110075,ONT GPON WIFI-N SAGEMCOM F@ST5657 SERIAL,51ROD636 (Pat. AD833WB) - QPS,2025-06-09 14:28:59.249078,2025-06-17 08:11:24.647810,
357,485754430D5D05AD,0,140110075,ONT GPON WIFI-N SAGEMCOM F@ST5657 SERIAL,51ROD636 (Pat. AD833WB) - QPS,2025-06-09 14:28:59.225875,2025-06-17 08:11:24.611134,
358,485754439C624DAC,0,140110075,ONT GPON WIFI-N SAGEMCOM F@ST5657 SERIAL,51ROD636 (Pat. AD833WB) - QPS,2025-06-09 14:28:59.155298,2025-06-17 08:11:24.498322,
359,4857544315747EAB,0,140110075,ONT GPON WIFI-N SAGEMCOM F@ST5657 SERIAL,51ROD636 (Pat. AD833WB) - QPS,2025-06-09 14:28:59.109320,2025-06-17 08:11:24.418966,
360,48575443F9DBB9AC,0,140110075,ONT GPON WIFI-N SAGEMCOM F@ST5657 SERIAL,51ROD636 (Pat. AD833WB) - QPS,2025-06-09 14:28:59.064090,2025-06-17 08:11:24.304078,
361,48575443775EE9AA,0,140110075,ONT GPON WIFI-N SAGEMCOM F@ST5657 SERIAL,51ROD465 (Pat. AE835PS) - QPS,2025-06-09 14:28:58.994821,2025-06-13 15:47:42.295519,
362,48575443FA010CAC,0,140110075,ONT GPON WIFI-N SAGEMCOM F@ST5657 SERIAL,51ROD465 (Pat. AE835PS) - QPS,2025-06-09 14:28:58.971752,2025-06-13 15:47:42.282226,
363,4857544358F646AC,0,140110075,ONT GPON WIFI-N SAGEMCOM F@ST5657 SERIAL,51ROD465 (Pat. AE835PS) - QPS,2025-06-09 14:28:58.927306,2025-06-13 15:47:42.255088,
364,485754431AA164AD,0,140110075,ONT GPON WIFI-N SAGEMCOM F@ST5657 SERIAL,51ROD465 (Pat. AE835PS) - QPS,2025-06-09 14:28:58.904636,2025-06-13 15:47:42.241311,
365,485754439C5E65AA,0,140110075,ONT GPON WIFI-N SAGEMCOM F@ST5657 SERIAL,51ROD465 (Pat. AE835PS) - QPS,2025-06-09 14:28:58.826486,2025-06-13 15:47:42.200191,
366,ALCLB26BE330,0,140110075,ONT GPON WIFI-N SAGEMCOM F@ST5657 SERIAL,51ROD636 (Pat. AD833WB) - QPS,2025-06-09 14:28:59.393162,2025-06-10 09:58:07.536403,
367,48575443E0E088AC,0,140110075,ONT GPON WIFI-N SAGEMCOM F@ST5657 SERIAL,51ROD637 (Pat. AC774WF) - QPS,2025-06-09 14:28:59.670978,2025-06-09 16:09:11.114401,
368,485754431123F5AB,0,140110075,ONT GPON WIFI-N SAGEMCOM F@ST5657 SERIAL,51ROD637 (Pat. AC774WF) - QPS,2025-06-09 14:28:59.624435,2025-06-09 16:09:11.085829,
369,48575443B67552AC,0,140110075,ONT GPON WIFI-N SAGEMCOM F@ST5657 SERIAL,51ROD637 (Pat. AC774WF) - QPS,2025-06-09 14:28:59.576980,2025-06-09 16:09:11.057471,
370,724355029689,0,110110006,DECO IP ANDROID 4K HP44H SERIAL,51ROD465 (Pat. AE835PS) - QPS,2025-06-09 14:29:00.895332,2025-06-09 15:00:27.404974,
371,FZ324060021339,0,110110006,DECO IP ANDROID 4K HP44H SERIAL,51ROD465 (Pat. AE835PS) - QPS,2025-06-09 14:29:00.872232,2025-06-09 15:00:27.390144,
372,48575443C01A8DAC,0,140110075,ONT GPON WIFI-N SAGEMCOM F@ST5657 SERIAL,51ROD465 (Pat. AE835PS) - QPS,2025-06-09 14:29:00.587603,2025-06-09 14:29:00.596150,
373,FZ324060048491,0,110110006,DECO IP ANDROID 4K HP44H SERIAL,M563 - QPS,2025-06-09 14:29:00.241492,2025-06-09 14:29:00.250244,
374,FZ324060048490,0,110110006,DECO IP ANDROID 4K HP44H SERIAL,M563 - QPS,2025-06-09 14:29:00.218333,2025-06-09 14:29:00.227057,
375,FZ324060049257,0,110110006,DECO IP ANDROID 4K HP44H SERIAL,M563 - QPS,2025-06-09 14:29:00.196264,2025-06-09 14:29:00.204717,
376,FZ324060048472,0,110110006,DECO IP ANDROID 4K HP44H SERIAL,M563 - QPS,2025-06-09 14:29:00.173660,2025-06-09 14:29:00.182147,
377,FZ324060050294,0,110110006,DECO IP ANDROID 4K HP44H SERIAL,M563 - QPS,2025-06-09 14:29:00.120362,2025-06-09 14:29:00.129641,
378,FZ324060049261,0,110110006,DECO IP ANDROID 4K HP44H SERIAL,M563 - QPS,2025-06-09 14:29:00.095864,2025-06-09 14:29:00.106083,
379,FZ324060050009,0,110110006,DECO IP ANDROID 4K HP44H SERIAL,M563 - QPS,2025-06-09 14:29:00.073071,2025-06-09 14:29:00.082185,
380,FZ324060050202,0,110110006,DECO IP ANDROID 4K HP44H SERIAL,M563 - QPS,2025-06-09 14:29:00.050014,2025-06-09 14:29:00.058823,
381,FZ324060050197,0,110110006,DECO IP ANDROID 4K HP44H SERIAL,M563 - QPS,2025-06-09 14:29:00.025916,2025-06-09 14:29:00.035204,
